Peer ID,Neighbor ID,Network Delay (ns),Packet Loss (%),Weight
0,13,100000000,0,13327
0,139,100000000,0,13327
0,82,100000000,0,13327
0,193,100000000,0,13327
0,120,100000000,0,13327
0,115,100000000,0,13327
0,60,100000000,0,13327
0,101,100000000,0,13327
0,10,100000000,0,13327
0,6,100000000,0,13327
1,179,100000000,0,7088
1,7,100000000,0,7088
1,12,100000000,0,7088
1,174,100000000,0,7088
1,141,100000000,0,7088
1,143,100000000,0,7088
1,55,100000000,0,7088
1,139,100000000,0,7088
1,52,100000000,0,7088
2,130,100000000,0,4921
2,148,100000000,0,4921
2,112,100000000,0,4921
2,81,100000000,0,4921
2,99,100000000,0,4921
2,90,100000000,0,4921
2,53,100000000,0,4921
2,187,100000000,0,4921
2,16,100000000,0,4921
2,21,100000000,0,4921
2,101,100000000,0,4921
3,179,100000000,0,3798
3,46,100000000,0,3798
3,95,100000000,0,3798
3,23,100000000,0,3798
3,4,100000000,0,3798
3,189,100000000,0,3798
3,153,100000000,0,3798
3,53,100000000,0,3798
3,139,100000000,0,3798
4,122,100000000,0,3107
4,151,100000000,0,3107
4,68,100000000,0,3107
4,124,100000000,0,3107
4,16,100000000,0,3107
4,153,100000000,0,3107
4,190,100000000,0,3107
4,3,100000000,0,3107
4,126,100000000,0,3107
4,128,100000000,0,3107
4,143,100000000,0,3107
5,150,100000000,0,2637
5,11,100000000,0,2637
5,123,100000000,0,2637
5,184,100000000,0,2637
5,52,100000000,0,2637
5,56,100000000,0,2637
5,158,100000000,0,2637
5,79,100000000,0,2637
5,114,100000000,0,2637
5,61,100000000,0,2637
6,137,100000000,0,2295
6,168,100000000,0,2295
6,139,100000000,0,2295
6,133,100000000,0,2295
6,144,100000000,0,2295
6,166,100000000,0,2295
6,145,100000000,0,2295
6,0,100000000,0,2295
6,71,100000000,0,2295
7,105,100000000,0,2035
7,99,100000000,0,2035
7,35,100000000,0,2035
7,33,100000000,0,2035
7,54,100000000,0,2035
7,32,100000000,0,2035
7,1,100000000,0,2035
7,40,100000000,0,2035
8,119,100000000,0,1830
8,199,100000000,0,1830
8,131,100000000,0,1830
8,33,100000000,0,1830
8,156,100000000,0,1830
8,28,100000000,0,1830
8,127,100000000,0,1830
8,128,100000000,0,1830
8,168,100000000,0,1830
8,18,100000000,0,1830
8,47,100000000,0,1830
8,11,100000000,0,1830
9,139,100000000,0,1665
9,57,100000000,0,1665
9,179,100000000,0,1665
9,163,100000000,0,1665
9,119,100000000,0,1665
9,70,100000000,0,1665
9,36,100000000,0,1665
9,18,100000000,0,1665
9,62,100000000,0,1665
9,77,100000000,0,1665
10,192,100000000,0,1528
10,155,100000000,0,1528
10,58,100000000,0,1528
10,123,100000000,0,1528
10,107,100000000,0,1528
10,170,100000000,0,1528
10,33,100000000,0,1528
10,29,100000000,0,1528
10,0,100000000,0,1528
10,178,100000000,0,1528
11,38,100000000,0,1413
11,8,100000000,0,1413
11,5,100000000,0,1413
11,164,100000000,0,1413
11,56,100000000,0,1413
11,50,100000000,0,1413
12,182,100000000,0,1315
12,111,100000000,0,1315
12,165,100000000,0,1315
12,51,100000000,0,1315
12,55,100000000,0,1315
12,64,100000000,0,1315
12,77,100000000,0,1315
12,102,100000000,0,1315
12,1,100000000,0,1315
12,67,100000000,0,1315
12,69,100000000,0,1315
13,103,100000000,0,1230
13,34,100000000,0,1230
13,0,100000000,0,1230
13,37,100000000,0,1230
13,162,100000000,0,1230
14,71,100000000,0,1156
14,162,100000000,0,1156
14,30,100000000,0,1156
14,24,100000000,0,1156
14,115,100000000,0,1156
14,90,100000000,0,1156
15,30,100000000,0,1090
15,85,100000000,0,1090
15,171,100000000,0,1090
15,106,100000000,0,1090
15,195,100000000,0,1090
15,70,100000000,0,1090
15,63,100000000,0,1090
16,2,100000000,0,1032
16,80,100000000,0,1032
16,147,100000000,0,1032
16,4,100000000,0,1032
16,102,100000000,0,1032
16,56,100000000,0,1032
17,62,100000000,0,981
17,162,100000000,0,981
17,148,100000000,0,981
17,48,100000000,0,981
17,183,100000000,0,981
17,30,100000000,0,981
17,106,100000000,0,981
17,156,100000000,0,981
17,68,100000000,0,981
17,104,100000000,0,981
17,197,100000000,0,981
18,178,100000000,0,934
18,24,100000000,0,934
18,76,100000000,0,934
18,9,100000000,0,934
18,97,100000000,0,934
18,70,100000000,0,934
18,8,100000000,0,934
18,112,100000000,0,934
18,75,100000000,0,934
19,96,100000000,0,892
19,62,100000000,0,892
19,149,100000000,0,892
19,156,100000000,0,892
19,171,100000000,0,892
19,130,100000000,0,892
19,44,100000000,0,892
19,154,100000000,0,892
19,164,100000000,0,892
20,176,100000000,0,854
20,40,100000000,0,854
20,173,100000000,0,854
20,125,100000000,0,854
20,141,100000000,0,854
20,160,100000000,0,854
20,38,100000000,0,854
20,117,100000000,0,854
21,148,100000000,0,818
21,2,100000000,0,818
21,104,100000000,0,818
21,173,100000000,0,818
21,129,100000000,0,818
21,147,100000000,0,818
21,47,100000000,0,818
21,152,100000000,0,818
21,159,100000000,0,818
21,57,100000000,0,818
22,93,100000000,0,786
22,48,100000000,0,786
22,125,100000000,0,786
22,29,100000000,0,786
22,73,100000000,0,786
22,186,100000000,0,786
23,94,100000000,0,757
23,142,100000000,0,757
23,110,100000000,0,757
23,105,100000000,0,757
23,3,100000000,0,757
23,43,100000000,0,757
23,99,100000000,0,757
23,52,100000000,0,757
23,137,100000000,0,757
23,64,100000000,0,757
23,80,100000000,0,757
24,141,100000000,0,729
24,37,100000000,0,729
24,14,100000000,0,729
24,147,100000000,0,729
24,73,100000000,0,729
24,18,100000000,0,729
24,174,100000000,0,729
25,105,100000000,0,704
25,112,100000000,0,704
25,122,100000000,0,704
25,166,100000000,0,704
25,192,100000000,0,704
25,51,100000000,0,704
25,46,100000000,0,704
25,197,100000000,0,704
26,158,100000000,0,681
26,113,100000000,0,681
26,140,100000000,0,681
26,61,100000000,0,681
26,115,100000000,0,681
26,153,100000000,0,681
26,34,100000000,0,681
27,164,100000000,0,659
27,41,100000000,0,659
27,194,100000000,0,659
27,146,100000000,0,659
27,133,100000000,0,659
27,42,100000000,0,659
27,185,100000000,0,659
28,88,100000000,0,638
28,33,100000000,0,638
28,155,100000000,0,638
28,142,100000000,0,638
28,125,100000000,0,638
28,64,100000000,0,638
28,8,100000000,0,638
29,111,100000000,0,619
29,51,100000000,0,619
29,22,100000000,0,619
29,144,100000000,0,619
29,162,100000000,0,619
29,151,100000000,0,619
29,10,100000000,0,619
29,129,100000000,0,619
30,15,100000000,0,601
30,188,100000000,0,601
30,55,100000000,0,601
30,17,100000000,0,601
30,14,100000000,0,601
30,71,100000000,0,601
30,102,100000000,0,601
30,119,100000000,0,601
30,67,100000000,0,601
30,133,100000000,0,601
31,195,100000000,0,584
31,116,100000000,0,584
31,39,100000000,0,584
31,51,100000000,0,584
31,110,100000000,0,584
31,49,100000000,0,584
31,101,100000000,0,584
32,45,100000000,0,568
32,152,100000000,0,568
32,7,100000000,0,568
32,111,100000000,0,568
32,81,100000000,0,568
33,64,100000000,0,553
33,8,100000000,0,553
33,115,100000000,0,553
33,99,100000000,0,553
33,36,100000000,0,553
33,7,100000000,0,553
33,10,100000000,0,553
33,151,100000000,0,553
33,28,100000000,0,553
33,181,100000000,0,553
34,163,100000000,0,539
34,156,100000000,0,539
34,130,100000000,0,539
34,152,100000000,0,539
34,98,100000000,0,539
34,40,100000000,0,539
34,13,100000000,0,539
34,26,100000000,0,539
35,176,100000000,0,525
35,7,100000000,0,525
35,53,100000000,0,525
35,61,100000000,0,525
35,103,100000000,0,525
35,77,100000000,0,525
35,88,100000000,0,525
35,83,100000000,0,525
36,126,100000000,0,512
36,9,100000000,0,512
36,33,100000000,0,512
36,124,100000000,0,512
36,57,100000000,0,512
36,110,100000000,0,512
37,66,100000000,0,500
37,116,100000000,0,500
37,13,100000000,0,500
37,69,100000000,0,500
37,137,100000000,0,500
37,24,100000000,0,500
38,125,100000000,0,489
38,63,100000000,0,489
38,199,100000000,0,489
38,54,100000000,0,489
38,11,100000000,0,489
38,58,100000000,0,489
38,136,100000000,0,489
38,99,100000000,0,489
38,20,100000000,0,489
38,134,100000000,0,489
39,188,100000000,0,478
39,31,100000000,0,478
39,72,100000000,0,478
39,67,100000000,0,478
39,168,100000000,0,478
39,187,100000000,0,478
40,60,100000000,0,467
40,7,100000000,0,467
40,130,100000000,0,467
40,34,100000000,0,467
40,118,100000000,0,467
40,73,100000000,0,467
40,160,100000000,0,467
40,169,100000000,0,467
40,20,100000000,0,467
41,196,100000000,0,457
41,72,100000000,0,457
41,121,100000000,0,457
41,158,100000000,0,457
41,71,100000000,0,457
41,108,100000000,0,457
41,161,100000000,0,457
41,163,100000000,0,457
41,27,100000000,0,457
41,193,100000000,0,457
41,48,100000000,0,457
42,27,100000000,0,448
42,44,100000000,0,448
42,114,100000000,0,448
42,51,100000000,0,448
42,61,100000000,0,448
42,95,100000000,0,448
43,103,100000000,0,438
43,139,100000000,0,438
43,181,100000000,0,438
43,23,100000000,0,438
43,87,100000000,0,438
43,73,100000000,0,438
43,80,100000000,0,438
44,155,100000000,0,430
44,122,100000000,0,430
44,42,100000000,0,430
44,102,100000000,0,430
44,73,100000000,0,430
44,150,100000000,0,430
44,153,100000000,0,430
44,19,100000000,0,430
45,95,100000000,0,421
45,110,100000000,0,421
45,179,100000000,0,421
45,32,100000000,0,421
45,147,100000000,0,421
46,3,100000000,0,413
46,25,100000000,0,413
46,116,100000000,0,413
46,159,100000000,0,413
46,140,100000000,0,413
46,127,100000000,0,413
47,8,100000000,0,405
47,154,100000000,0,405
47,21,100000000,0,405
47,186,100000000,0,405
47,76,100000000,0,405
47,93,100000000,0,405
47,68,100000000,0,405
48,22,100000000,0,398
48,133,100000000,0,398
48,17,100000000,0,398
48,41,100000000,0,398
48,84,100000000,0,398
48,121,100000000,0,398
49,145,100000000,0,391
49,77,100000000,0,391
49,31,100000000,0,391
49,100,100000000,0,391
49,123,100000000,0,391
49,117,100000000,0,391
50,194,100000000,0,384
50,81,100000000,0,384
50,188,100000000,0,384
50,180,100000000,0,384
50,164,100000000,0,384
50,11,100000000,0,384
51,42,100000000,0,377
51,191,100000000,0,377
51,31,100000000,0,377
51,68,100000000,0,377
51,98,100000000,0,377
51,25,100000000,0,377
51,29,100000000,0,377
51,141,100000000,0,377
51,12,100000000,0,377
51,189,100000000,0,377
52,1,100000000,0,371
52,54,100000000,0,371
52,60,100000000,0,371
52,5,100000000,0,371
52,155,100000000,0,371
52,127,100000000,0,371
52,179,100000000,0,371
52,89,100000000,0,371
52,23,100000000,0,371
52,169,100000000,0,371
53,78,100000000,0,364
53,2,100000000,0,364
53,35,100000000,0,364
53,151,100000000,0,364
53,167,100000000,0,364
53,3,100000000,0,364
54,71,100000000,0,359
54,52,100000000,0,359
54,94,100000000,0,359
54,170,100000000,0,359
54,142,100000000,0,359
54,59,100000000,0,359
54,186,100000000,0,359
54,7,100000000,0,359
54,180,100000000,0,359
54,38,100000000,0,359
55,148,100000000,0,353
55,89,100000000,0,353
55,12,100000000,0,353
55,107,100000000,0,353
55,124,100000000,0,353
55,1,100000000,0,353
55,30,100000000,0,353
55,186,100000000,0,353
56,130,100000000,0,347
56,116,100000000,0,347
56,11,100000000,0,347
56,16,100000000,0,347
56,142,100000000,0,347
56,155,100000000,0,347
56,5,100000000,0,347
56,63,100000000,0,347
56,93,100000000,0,347
57,21,100000000,0,342
57,116,100000000,0,342
57,121,100000000,0,342
57,100,100000000,0,342
57,9,100000000,0,342
57,159,100000000,0,342
57,66,100000000,0,342
57,105,100000000,0,342
57,118,100000000,0,342
57,172,100000000,0,342
57,36,100000000,0,342
58,10,100000000,0,337
58,165,100000000,0,337
58,127,100000000,0,337
58,149,100000000,0,337
58,82,100000000,0,337
58,188,100000000,0,337
58,38,100000000,0,337
58,190,100000000,0,337
58,72,100000000,0,337
59,141,100000000,0,331
59,130,100000000,0,331
59,54,100000000,0,331
59,136,100000000,0,331
59,169,100000000,0,331
60,0,100000000,0,327
60,120,100000000,0,327
60,167,100000000,0,327
60,161,100000000,0,327
60,126,100000000,0,327
60,151,100000000,0,327
60,40,100000000,0,327
60,172,100000000,0,327
60,52,100000000,0,327
61,5,100000000,0,322
61,140,100000000,0,322
61,26,100000000,0,322
61,92,100000000,0,322
61,35,100000000,0,322
61,71,100000000,0,322
61,195,100000000,0,322
61,161,100000000,0,322
61,42,100000000,0,322
62,17,100000000,0,317
62,106,100000000,0,317
62,9,100000000,0,317
62,169,100000000,0,317
62,190,100000000,0,317
62,110,100000000,0,317
62,19,100000000,0,317
62,179,100000000,0,317
62,86,100000000,0,317
63,143,100000000,0,313
63,38,100000000,0,313
63,56,100000000,0,313
63,15,100000000,0,313
63,144,100000000,0,313
63,107,100000000,0,313
63,92,100000000,0,313
63,187,100000000,0,313
64,98,100000000,0,308
64,151,100000000,0,308
64,82,100000000,0,308
64,167,100000000,0,308
64,28,100000000,0,308
64,145,100000000,0,308
64,33,100000000,0,308
64,12,100000000,0,308
64,23,100000000,0,308
65,103,100000000,0,304
65,183,100000000,0,304
65,140,100000000,0,304
65,78,100000000,0,304
66,37,100000000,0,300
66,138,100000000,0,300
66,151,100000000,0,300
66,187,100000000,0,300
66,182,100000000,0,300
66,57,100000000,0,300
66,172,100000000,0,300
66,157,100000000,0,300
67,72,100000000,0,296
67,12,100000000,0,296
67,130,100000000,0,296
67,92,100000000,0,296
67,30,100000000,0,296
67,39,100000000,0,296
67,122,100000000,0,296
68,4,100000000,0,292
68,150,100000000,0,292
68,47,100000000,0,292
68,17,100000000,0,292
68,51,100000000,0,292
68,128,100000000,0,292
69,191,100000000,0,288
69,37,100000000,0,288
69,113,100000000,0,288
69,12,100000000,0,288
70,145,100000000,0,285
70,9,100000000,0,285
70,154,100000000,0,285
70,15,100000000,0,285
70,157,100000000,0,285
70,134,100000000,0,285
70,18,100000000,0,285
70,93,100000000,0,285
71,172,100000000,0,281
71,6,100000000,0,281
71,14,100000000,0,281
71,30,100000000,0,281
71,86,100000000,0,281
71,61,100000000,0,281
71,180,100000000,0,281
71,132,100000000,0,281
71,54,100000000,0,281
71,112,100000000,0,281
71,176,100000000,0,281
71,41,100000000,0,281
71,75,100000000,0,281
71,177,100000000,0,281
72,124,100000000,0,278
72,39,100000000,0,278
72,67,100000000,0,278
72,58,100000000,0,278
72,193,100000000,0,278
72,41,100000000,0,278
72,154,100000000,0,278
73,76,100000000,0,274
73,44,100000000,0,274
73,180,100000000,0,274
73,43,100000000,0,274
73,149,100000000,0,274
73,22,100000000,0,274
73,40,100000000,0,274
73,24,100000000,0,274
73,142,100000000,0,274
74,80,100000000,0,271
74,129,100000000,0,271
74,102,100000000,0,271
74,198,100000000,0,271
74,147,100000000,0,271
74,156,100000000,0,271
74,151,100000000,0,271
74,119,100000000,0,271
75,176,100000000,0,268
75,197,100000000,0,268
75,97,100000000,0,268
75,196,100000000,0,268
75,104,100000000,0,268
75,71,100000000,0,268
75,136,100000000,0,268
75,18,100000000,0,268
76,177,100000000,0,265
76,47,100000000,0,265
76,152,100000000,0,265
76,129,100000000,0,265
76,169,100000000,0,265
76,114,100000000,0,265
76,134,100000000,0,265
76,73,100000000,0,265
76,18,100000000,0,265
77,175,100000000,0,262
77,9,100000000,0,262
77,83,100000000,0,262
77,84,100000000,0,262
77,171,100000000,0,262
77,12,100000000,0,262
77,35,100000000,0,262
77,85,100000000,0,262
77,160,100000000,0,262
77,91,100000000,0,262
77,49,100000000,0,262
78,120,100000000,0,259
78,118,100000000,0,259
78,53,100000000,0,259
78,192,100000000,0,259
78,164,100000000,0,259
78,181,100000000,0,259
78,170,100000000,0,259
78,65,100000000,0,259
78,152,100000000,0,259
78,146,100000000,0,259
79,105,100000000,0,256
79,175,100000000,0,256
79,133,100000000,0,256
79,94,100000000,0,256
79,171,100000000,0,256
79,5,100000000,0,256
79,198,100000000,0,256
80,108,100000000,0,253
80,23,100000000,0,253
80,109,100000000,0,253
80,74,100000000,0,253
80,95,100000000,0,253
80,16,100000000,0,253
80,43,100000000,0,253
81,50,100000000,0,250
81,32,100000000,0,250
81,97,100000000,0,250
81,107,100000000,0,250
81,156,100000000,0,250
81,2,100000000,0,250
82,64,100000000,0,247
82,114,100000000,0,247
82,0,100000000,0,247
82,105,100000000,0,247
82,99,100000000,0,247
82,117,100000000,0,247
82,58,100000000,0,247
83,156,100000000,0,245
83,105,100000000,0,245
83,175,100000000,0,245
83,35,100000000,0,245
83,101,100000000,0,245
83,77,100000000,0,245
83,193,100000000,0,245
84,127,100000000,0,242
84,196,100000000,0,242
84,48,100000000,0,242
84,114,100000000,0,242
84,163,100000000,0,242
84,136,100000000,0,242
84,77,100000000,0,242
85,15,100000000,0,240
85,187,100000000,0,240
85,77,100000000,0,240
85,91,100000000,0,240
85,176,100000000,0,240
85,140,100000000,0,240
86,149,100000000,0,237
86,71,100000000,0,237
86,62,100000000,0,237
86,107,100000000,0,237
86,119,100000000,0,237
86,175,100000000,0,237
86,133,100000000,0,237
87,180,100000000,0,235
87,172,100000000,0,235
87,158,100000000,0,235
87,133,100000000,0,235
87,43,100000000,0,235
87,138,100000000,0,235
88,178,100000000,0,232
88,150,100000000,0,232
88,94,100000000,0,232
88,28,100000000,0,232
88,35,100000000,0,232
88,162,100000000,0,232
88,114,100000000,0,232
89,137,100000000,0,230
89,173,100000000,0,230
89,151,100000000,0,230
89,163,100000000,0,230
89,181,100000000,0,230
89,116,100000000,0,230
89,118,100000000,0,230
89,52,100000000,0,230
89,55,100000000,0,230
89,108,100000000,0,230
90,154,100000000,0,228
90,2,100000000,0,228
90,125,100000000,0,228
90,113,100000000,0,228
90,141,100000000,0,228
90,14,100000000,0,228
91,85,100000000,0,225
91,134,100000000,0,225
91,77,100000000,0,225
91,170,100000000,0,225
91,194,100000000,0,225
91,111,100000000,0,225
92,103,100000000,0,223
92,154,100000000,0,223
92,157,100000000,0,223
92,193,100000000,0,223
92,140,100000000,0,223
92,99,100000000,0,223
92,63,100000000,0,223
92,189,100000000,0,223
92,67,100000000,0,223
92,61,100000000,0,223
93,70,100000000,0,221
93,56,100000000,0,221
93,22,100000000,0,221
93,143,100000000,0,221
93,47,100000000,0,221
93,96,100000000,0,221
94,171,100000000,0,219
94,111,100000000,0,219
94,115,100000000,0,219
94,23,100000000,0,219
94,183,100000000,0,219
94,88,100000000,0,219
94,54,100000000,0,219
94,79,100000000,0,219
94,164,100000000,0,219
95,45,100000000,0,217
95,3,100000000,0,217
95,102,100000000,0,217
95,172,100000000,0,217
95,80,100000000,0,217
95,187,100000000,0,217
95,42,100000000,0,217
96,152,100000000,0,215
96,93,100000000,0,215
96,119,100000000,0,215
96,117,100000000,0,215
96,98,100000000,0,215
96,19,100000000,0,215
96,187,100000000,0,215
97,81,100000000,0,213
97,142,100000000,0,213
97,127,100000000,0,213
97,75,100000000,0,213
97,123,100000000,0,213
97,192,100000000,0,213
97,18,100000000,0,213
97,140,100000000,0,213
97,180,100000000,0,213
98,188,100000000,0,211
98,160,100000000,0,211
98,51,100000000,0,211
98,34,100000000,0,211
98,96,100000000,0,211
98,111,100000000,0,211
98,189,100000000,0,211
98,195,100000000,0,211
98,64,100000000,0,211
99,23,100000000,0,209
99,176,100000000,0,209
99,180,100000000,0,209
99,38,100000000,0,209
99,33,100000000,0,209
99,7,100000000,0,209
99,168,100000000,0,209
99,2,100000000,0,209
99,82,100000000,0,209
99,92,100000000,0,209
99,192,100000000,0,209
100,142,100000000,0,207
100,189,100000000,0,207
100,109,100000000,0,207
100,132,100000000,0,207
100,117,100000000,0,207
100,57,100000000,0,207
100,49,100000000,0,207
100,193,100000000,0,207
101,0,100000000,0,205
101,2,100000000,0,205
101,31,100000000,0,205
101,191,100000000,0,205
101,118,100000000,0,205
101,106,100000000,0,205
101,83,100000000,0,205
102,12,100000000,0,204
102,30,100000000,0,204
102,74,100000000,0,204
102,44,100000000,0,204
102,123,100000000,0,204
102,16,100000000,0,204
102,157,100000000,0,204
102,95,100000000,0,204
103,149,100000000,0,202
103,139,100000000,0,202
103,43,100000000,0,202
103,35,100000000,0,202
103,13,100000000,0,202
103,92,100000000,0,202
103,65,100000000,0,202
103,185,100000000,0,202
104,75,100000000,0,200
104,159,100000000,0,200
104,174,100000000,0,200
104,194,100000000,0,200
104,21,100000000,0,200
104,17,100000000,0,200
104,135,100000000,0,200
105,57,100000000,0,198
105,170,100000000,0,198
105,184,100000000,0,198
105,83,100000000,0,198
105,191,100000000,0,198
105,23,100000000,0,198
105,79,100000000,0,198
105,7,100000000,0,198
105,145,100000000,0,198
105,177,100000000,0,198
105,25,100000000,0,198
105,82,100000000,0,198
105,158,100000000,0,198
106,196,100000000,0,197
106,15,100000000,0,197
106,62,100000000,0,197
106,174,100000000,0,197
106,17,100000000,0,197
106,121,100000000,0,197
106,193,100000000,0,197
106,161,100000000,0,197
106,182,100000000,0,197
106,139,100000000,0,197
106,157,100000000,0,197
106,101,100000000,0,197
107,185,100000000,0,195
107,163,100000000,0,195
107,55,100000000,0,195
107,10,100000000,0,195
107,135,100000000,0,195
107,86,100000000,0,195
107,81,100000000,0,195
107,63,100000000,0,195
108,185,100000000,0,193
108,80,100000000,0,193
108,41,100000000,0,193
108,186,100000000,0,193
108,89,100000000,0,193
108,149,100000000,0,193
109,188,100000000,0,192
109,100,100000000,0,192
109,128,100000000,0,192
109,80,100000000,0,192
109,145,100000000,0,192
110,31,100000000,0,190
110,45,100000000,0,190
110,173,100000000,0,190
110,133,100000000,0,190
110,36,100000000,0,190
110,62,100000000,0,190
110,198,100000000,0,190
110,23,100000000,0,190
110,158,100000000,0,190
111,32,100000000,0,189
111,12,100000000,0,189
111,29,100000000,0,189
111,195,100000000,0,189
111,98,100000000,0,189
111,184,100000000,0,189
111,91,100000000,0,189
111,126,100000000,0,189
111,94,100000000,0,189
111,144,100000000,0,189
111,136,100000000,0,189
112,185,100000000,0,187
112,126,100000000,0,187
112,192,100000000,0,187
112,71,100000000,0,187
112,166,100000000,0,187
112,18,100000000,0,187
112,25,100000000,0,187
112,2,100000000,0,187
112,116,100000000,0,187
113,160,100000000,0,186
113,90,100000000,0,186
113,69,100000000,0,186
113,26,100000000,0,186
113,177,100000000,0,186
113,154,100000000,0,186
113,176,100000000,0,186
114,88,100000000,0,184
114,42,100000000,0,184
114,76,100000000,0,184
114,126,100000000,0,184
114,82,100000000,0,184
114,84,100000000,0,184
114,5,100000000,0,184
115,94,100000000,0,183
115,198,100000000,0,183
115,0,100000000,0,183
115,136,100000000,0,183
115,14,100000000,0,183
115,128,100000000,0,183
115,144,100000000,0,183
115,33,100000000,0,183
115,26,100000000,0,183
116,46,100000000,0,182
116,112,100000000,0,182
116,57,100000000,0,182
116,37,100000000,0,182
116,150,100000000,0,182
116,56,100000000,0,182
116,31,100000000,0,182
116,89,100000000,0,182
117,192,100000000,0,180
117,160,100000000,0,180
117,172,100000000,0,180
117,82,100000000,0,180
117,100,100000000,0,180
117,20,100000000,0,180
117,49,100000000,0,180
117,96,100000000,0,180
118,57,100000000,0,179
118,101,100000000,0,179
118,171,100000000,0,179
118,40,100000000,0,179
118,78,100000000,0,179
118,89,100000000,0,179
118,152,100000000,0,179
119,8,100000000,0,177
119,86,100000000,0,177
119,74,100000000,0,177
119,96,100000000,0,177
119,170,100000000,0,177
119,30,100000000,0,177
119,9,100000000,0,177
120,162,100000000,0,176
120,179,100000000,0,176
120,141,100000000,0,176
120,0,100000000,0,176
120,60,100000000,0,176
120,78,100000000,0,176
121,128,100000000,0,175
121,41,100000000,0,175
121,48,100000000,0,175
121,153,100000000,0,175
121,133,100000000,0,175
121,57,100000000,0,175
121,106,100000000,0,175
122,67,100000000,0,173
122,152,100000000,0,173
122,147,100000000,0,173
122,25,100000000,0,173
122,44,100000000,0,173
122,4,100000000,0,173
122,146,100000000,0,173
122,159,100000000,0,173
123,49,100000000,0,172
123,162,100000000,0,172
123,102,100000000,0,172
123,97,100000000,0,172
123,125,100000000,0,172
123,5,100000000,0,172
123,10,100000000,0,172
124,186,100000000,0,171
124,4,100000000,0,171
124,155,100000000,0,171
124,72,100000000,0,171
124,178,100000000,0,171
124,55,100000000,0,171
124,36,100000000,0,171
125,20,100000000,0,170
125,188,100000000,0,170
125,137,100000000,0,170
125,90,100000000,0,170
125,123,100000000,0,170
125,22,100000000,0,170
125,38,100000000,0,170
125,28,100000000,0,170
125,130,100000000,0,170
126,184,100000000,0,169
126,36,100000000,0,169
126,111,100000000,0,169
126,167,100000000,0,169
126,60,100000000,0,169
126,146,100000000,0,169
126,114,100000000,0,169
126,4,100000000,0,169
126,112,100000000,0,169
127,135,100000000,0,167
127,194,100000000,0,167
127,97,100000000,0,167
127,199,100000000,0,167
127,46,100000000,0,167
127,164,100000000,0,167
127,58,100000000,0,167
127,8,100000000,0,167
127,84,100000000,0,167
127,52,100000000,0,167
128,4,100000000,0,166
128,115,100000000,0,166
128,143,100000000,0,166
128,68,100000000,0,166
128,109,100000000,0,166
128,8,100000000,0,166
128,121,100000000,0,166
129,170,100000000,0,165
129,29,100000000,0,165
129,160,100000000,0,165
129,76,100000000,0,165
129,21,100000000,0,165
129,74,100000000,0,165
130,169,100000000,0,164
130,19,100000000,0,164
130,2,100000000,0,164
130,56,100000000,0,164
130,181,100000000,0,164
130,59,100000000,0,164
130,170,100000000,0,164
130,40,100000000,0,164
130,125,100000000,0,164
130,34,100000000,0,164
130,67,100000000,0,164
131,175,100000000,0,163
131,143,100000000,0,163
131,8,100000000,0,163
131,197,100000000,0,163
131,198,100000000,0,163
132,184,100000000,0,162
132,138,100000000,0,162
132,71,100000000,0,162
132,149,100000000,0,162
132,195,100000000,0,162
132,100,100000000,0,162
133,27,100000000,0,160
133,79,100000000,0,160
133,110,100000000,0,160
133,6,100000000,0,160
133,30,100000000,0,160
133,87,100000000,0,160
133,86,100000000,0,160
133,121,100000000,0,160
133,191,100000000,0,160
133,48,100000000,0,160
134,139,100000000,0,159
134,91,100000000,0,159
134,185,100000000,0,159
134,76,100000000,0,159
134,174,100000000,0,159
134,38,100000000,0,159
134,194,100000000,0,159
134,70,100000000,0,159
135,107,100000000,0,158
135,198,100000000,0,158
135,104,100000000,0,158
135,149,100000000,0,158
135,127,100000000,0,158
136,174,100000000,0,157
136,84,100000000,0,157
136,145,100000000,0,157
136,38,100000000,0,157
136,75,100000000,0,157
136,111,100000000,0,157
136,169,100000000,0,157
136,115,100000000,0,157
136,59,100000000,0,157
137,89,100000000,0,156
137,23,100000000,0,156
137,37,100000000,0,156
137,6,100000000,0,156
137,188,100000000,0,156
137,168,100000000,0,156
137,125,100000000,0,156
138,87,100000000,0,155
138,66,100000000,0,155
138,185,100000000,0,155
138,132,100000000,0,155
138,178,100000000,0,155
139,106,100000000,0,154
139,103,100000000,0,154
139,3,100000000,0,154
139,6,100000000,0,154
139,1,100000000,0,154
139,134,100000000,0,154
139,153,100000000,0,154
139,196,100000000,0,154
139,9,100000000,0,154
139,43,100000000,0,154
139,0,100000000,0,154
140,92,100000000,0,153
140,65,100000000,0,153
140,85,100000000,0,153
140,26,100000000,0,153
140,149,100000000,0,153
140,97,100000000,0,153
140,46,100000000,0,153
140,61,100000000,0,153
141,24,100000000,0,152
141,90,100000000,0,152
141,1,100000000,0,152
141,20,100000000,0,152
141,120,100000000,0,152
141,51,100000000,0,152
141,161,100000000,0,152
141,159,100000000,0,152
141,59,100000000,0,152
141,180,100000000,0,152
142,179,100000000,0,151
142,54,100000000,0,151
142,28,100000000,0,151
142,73,100000000,0,151
142,23,100000000,0,151
142,97,100000000,0,151
142,56,100000000,0,151
142,100,100000000,0,151
143,4,100000000,0,150
143,93,100000000,0,150
143,63,100000000,0,150
143,131,100000000,0,150
143,1,100000000,0,150
143,196,100000000,0,150
143,128,100000000,0,150
144,29,100000000,0,150
144,63,100000000,0,150
144,111,100000000,0,150
144,195,100000000,0,150
144,155,100000000,0,150
144,153,100000000,0,150
144,115,100000000,0,150
144,6,100000000,0,150
144,196,100000000,0,150
145,105,100000000,0,149
145,175,100000000,0,149
145,6,100000000,0,149
145,70,100000000,0,149
145,64,100000000,0,149
145,136,100000000,0,149
145,109,100000000,0,149
145,49,100000000,0,149
145,196,100000000,0,149
146,126,100000000,0,148
146,122,100000000,0,148
146,194,100000000,0,148
146,78,100000000,0,148
146,181,100000000,0,148
146,27,100000000,0,148
146,166,100000000,0,148
147,16,100000000,0,147
147,24,100000000,0,147
147,74,100000000,0,147
147,122,100000000,0,147
147,21,100000000,0,147
147,193,100000000,0,147
147,45,100000000,0,147
148,21,100000000,0,146
148,179,100000000,0,146
148,17,100000000,0,146
148,178,100000000,0,146
148,55,100000000,0,146
148,2,100000000,0,146
149,132,100000000,0,145
149,135,100000000,0,145
149,155,100000000,0,145
149,170,100000000,0,145
149,103,100000000,0,145
149,165,100000000,0,145
149,108,100000000,0,145
149,183,100000000,0,145
149,140,100000000,0,145
149,86,100000000,0,145
149,73,100000000,0,145
149,58,100000000,0,145
149,19,100000000,0,145
150,88,100000000,0,144
150,116,100000000,0,144
150,5,100000000,0,144
150,68,100000000,0,144
150,44,100000000,0,144
151,64,100000000,0,143
151,89,100000000,0,143
151,166,100000000,0,143
151,74,100000000,0,143
151,33,100000000,0,143
151,162,100000000,0,143
151,29,100000000,0,143
151,53,100000000,0,143
151,60,100000000,0,143
151,66,100000000,0,143
151,4,100000000,0,143
152,32,100000000,0,142
152,118,100000000,0,142
152,167,100000000,0,142
152,76,100000000,0,142
152,21,100000000,0,142
152,165,100000000,0,142
152,34,100000000,0,142
152,78,100000000,0,142
152,96,100000000,0,142
152,122,100000000,0,142
153,3,100000000,0,142
153,194,100000000,0,142
153,139,100000000,0,142
153,26,100000000,0,142
153,144,100000000,0,142
153,121,100000000,0,142
153,4,100000000,0,142
153,44,100000000,0,142
154,113,100000000,0,141
154,47,100000000,0,141
154,178,100000000,0,141
154,179,100000000,0,141
154,19,100000000,0,141
154,90,100000000,0,141
154,70,100000000,0,141
154,175,100000000,0,141
154,92,100000000,0,141
154,72,100000000,0,141
155,44,100000000,0,140
155,124,100000000,0,140
155,197,100000000,0,140
155,56,100000000,0,140
155,10,100000000,0,140
155,28,100000000,0,140
155,190,100000000,0,140
155,144,100000000,0,140
155,52,100000000,0,140
155,149,100000000,0,140
156,17,100000000,0,139
156,34,100000000,0,139
156,8,100000000,0,139
156,81,100000000,0,139
156,19,100000000,0,139
156,191,100000000,0,139
156,83,100000000,0,139
156,74,100000000,0,139
157,197,100000000,0,138
157,102,100000000,0,138
157,163,100000000,0,138
157,106,100000000,0,138
157,92,100000000,0,138
157,176,100000000,0,138
157,66,100000000,0,138
157,70,100000000,0,138
158,26,100000000,0,138
158,87,100000000,0,138
158,41,100000000,0,138
158,110,100000000,0,138
158,169,100000000,0,138
158,105,100000000,0,138
158,5,100000000,0,138
158,165,100000000,0,138
159,122,100000000,0,137
159,46,100000000,0,137
159,57,100000000,0,137
159,141,100000000,0,137
159,104,100000000,0,137
159,21,100000000,0,137
160,77,100000000,0,136
160,20,100000000,0,136
160,98,100000000,0,136
160,40,100000000,0,136
160,113,100000000,0,136
160,193,100000000,0,136
160,177,100000000,0,136
160,117,100000000,0,136
160,129,100000000,0,136
161,60,100000000,0,135
161,41,100000000,0,135
161,61,100000000,0,135
161,188,100000000,0,135
161,174,100000000,0,135
161,106,100000000,0,135
161,141,100000000,0,135
162,120,100000000,0,135
162,17,100000000,0,135
162,13,100000000,0,135
162,88,100000000,0,135
162,29,100000000,0,135
162,170,100000000,0,135
162,14,100000000,0,135
162,123,100000000,0,135
162,151,100000000,0,135
162,194,100000000,0,135
163,34,100000000,0,134
163,9,100000000,0,134
163,157,100000000,0,134
163,84,100000000,0,134
163,89,100000000,0,134
163,41,100000000,0,134
163,107,100000000,0,134
164,186,100000000,0,133
164,50,100000000,0,133
164,127,100000000,0,133
164,19,100000000,0,133
164,11,100000000,0,133
164,27,100000000,0,133
164,78,100000000,0,133
164,197,100000000,0,133
164,94,100000000,0,133
165,149,100000000,0,132
165,58,100000000,0,132
165,12,100000000,0,132
165,152,100000000,0,132
165,158,100000000,0,132
166,112,100000000,0,132
166,198,100000000,0,132
166,6,100000000,0,132
166,151,100000000,0,132
166,25,100000000,0,132
166,146,100000000,0,132
167,126,100000000,0,131
167,60,100000000,0,131
167,179,100000000,0,131
167,53,100000000,0,131
167,152,100000000,0,131
167,64,100000000,0,131
168,137,100000000,0,130
168,6,100000000,0,130
168,99,100000000,0,130
168,8,100000000,0,130
168,183,100000000,0,130
168,39,100000000,0,130
168,189,100000000,0,130
169,52,100000000,0,130
169,59,100000000,0,130
169,182,100000000,0,130
169,76,100000000,0,130
169,62,100000000,0,130
169,40,100000000,0,130
169,130,100000000,0,130
169,136,100000000,0,130
169,158,100000000,0,130
170,105,100000000,0,129
170,149,100000000,0,129
170,129,100000000,0,129
170,162,100000000,0,129
170,119,100000000,0,129
170,130,100000000,0,129
170,78,100000000,0,129
170,10,100000000,0,129
170,91,100000000,0,129
170,54,100000000,0,129
171,118,100000000,0,128
171,94,100000000,0,128
171,77,100000000,0,128
171,15,100000000,0,128
171,79,100000000,0,128
171,19,100000000,0,128
171,182,100000000,0,128
172,71,100000000,0,127
172,60,100000000,0,127
172,66,100000000,0,127
172,95,100000000,0,127
172,87,100000000,0,127
172,183,100000000,0,127
172,117,100000000,0,127
172,194,100000000,0,127
172,57,100000000,0,127
173,20,100000000,0,127
173,21,100000000,0,127
173,178,100000000,0,127
173,110,100000000,0,127
173,89,100000000,0,127
174,1,100000000,0,126
174,104,100000000,0,126
174,106,100000000,0,126
174,134,100000000,0,126
174,136,100000000,0,126
174,24,100000000,0,126
174,161,100000000,0,126
175,145,100000000,0,125
175,154,100000000,0,125
175,86,100000000,0,125
175,79,100000000,0,125
175,194,100000000,0,125
175,184,100000000,0,125
175,77,100000000,0,125
175,131,100000000,0,125
175,83,100000000,0,125
176,75,100000000,0,125
176,157,100000000,0,125
176,99,100000000,0,125
176,35,100000000,0,125
176,71,100000000,0,125
176,85,100000000,0,125
176,20,100000000,0,125
176,113,100000000,0,125
177,76,100000000,0,124
177,113,100000000,0,124
177,71,100000000,0,124
177,105,100000000,0,124
177,160,100000000,0,124
177,190,100000000,0,124
178,148,100000000,0,124
178,124,100000000,0,124
178,10,100000000,0,124
178,88,100000000,0,124
178,18,100000000,0,124
178,154,100000000,0,124
178,173,100000000,0,124
178,138,100000000,0,124
179,52,100000000,0,123
179,45,100000000,0,123
179,1,100000000,0,123
179,142,100000000,0,123
179,9,100000000,0,123
179,62,100000000,0,123
179,148,100000000,0,123
179,3,100000000,0,123
179,167,100000000,0,123
179,120,100000000,0,123
179,154,100000000,0,123
180,97,100000000,0,122
180,50,100000000,0,122
180,73,100000000,0,122
180,99,100000000,0,122
180,87,100000000,0,122
180,54,100000000,0,122
180,198,100000000,0,122
180,199,100000000,0,122
180,141,100000000,0,122
180,71,100000000,0,122
181,130,100000000,0,122
181,33,100000000,0,122
181,146,100000000,0,122
181,43,100000000,0,122
181,78,100000000,0,122
181,89,100000000,0,122
181,190,100000000,0,122
182,194,100000000,0,121
182,66,100000000,0,121
182,171,100000000,0,121
182,169,100000000,0,121
182,106,100000000,0,121
182,12,100000000,0,121
183,168,100000000,0,121
183,65,100000000,0,121
183,172,100000000,0,121
183,94,100000000,0,121
183,17,100000000,0,121
183,149,100000000,0,121
184,105,100000000,0,120
184,126,100000000,0,120
184,175,100000000,0,120
184,5,100000000,0,120
184,111,100000000,0,120
184,132,100000000,0,120
185,107,100000000,0,119
185,112,100000000,0,119
185,197,100000000,0,119
185,103,100000000,0,119
185,108,100000000,0,119
185,27,100000000,0,119
185,134,100000000,0,119
185,192,100000000,0,119
185,138,100000000,0,119
186,22,100000000,0,119
186,124,100000000,0,119
186,193,100000000,0,119
186,164,100000000,0,119
186,54,100000000,0,119
186,47,100000000,0,119
186,55,100000000,0,119
186,108,100000000,0,119
187,96,100000000,0,118
187,192,100000000,0,118
187,95,100000000,0,118
187,85,100000000,0,118
187,66,100000000,0,118
187,39,100000000,0,118
187,63,100000000,0,118
187,2,100000000,0,118
188,30,100000000,0,118
188,98,100000000,0,118
188,50,100000000,0,118
188,161,100000000,0,118
188,109,100000000,0,118
188,125,100000000,0,118
188,39,100000000,0,118
188,58,100000000,0,118
188,137,100000000,0,118
189,100,100000000,0,117
189,98,100000000,0,117
189,3,100000000,0,117
189,51,100000000,0,117
189,168,100000000,0,117
189,92,100000000,0,117
190,62,100000000,0,117
190,181,100000000,0,117
190,177,100000000,0,117
190,58,100000000,0,117
190,4,100000000,0,117
190,155,100000000,0,117
191,133,100000000,0,116
191,101,100000000,0,116
191,192,100000000,0,116
191,69,100000000,0,116
191,156,100000000,0,116
191,51,100000000,0,116
191,105,100000000,0,116
192,78,100000000,0,115
192,191,100000000,0,115
192,185,100000000,0,115
192,10,100000000,0,115
192,117,100000000,0,115
192,187,100000000,0,115
192,112,100000000,0,115
192,99,100000000,0,115
192,25,100000000,0,115
192,97,100000000,0,115
193,160,100000000,0,115
193,83,100000000,0,115
193,100,100000000,0,115
193,106,100000000,0,115
193,72,100000000,0,115
193,186,100000000,0,115
193,92,100000000,0,115
193,41,100000000,0,115
193,0,100000000,0,115
193,147,100000000,0,115
194,127,100000000,0,114
194,182,100000000,0,114
194,104,100000000,0,114
194,91,100000000,0,114
194,162,100000000,0,114
194,172,100000000,0,114
194,50,100000000,0,114
194,134,100000000,0,114
194,153,100000000,0,114
194,175,100000000,0,114
194,27,100000000,0,114
194,146,100000000,0,114
195,132,100000000,0,114
195,98,100000000,0,114
195,111,100000000,0,114
195,144,100000000,0,114
195,31,100000000,0,114
195,61,100000000,0,114
195,199,100000000,0,114
195,15,100000000,0,114
196,75,100000000,0,113
196,145,100000000,0,113
196,144,100000000,0,113
196,41,100000000,0,113
196,139,100000000,0,113
196,106,100000000,0,113
196,143,100000000,0,113
196,84,100000000,0,113
197,185,100000000,0,113
197,155,100000000,0,113
197,75,100000000,0,113
197,131,100000000,0,113
197,17,100000000,0,113
197,25,100000000,0,113
197,157,100000000,0,113
197,164,100000000,0,113
198,74,100000000,0,112
198,166,100000000,0,112
198,180,100000000,0,112
198,115,100000000,0,112
198,110,100000000,0,112
198,135,100000000,0,112
198,79,100000000,0,112
198,131,100000000,0,112
199,38,100000000,0,112
199,180,100000000,0,112
199,195,100000000,0,112
199,8,100000000,0,112
199,127,100000000,0,112
